-- Final Cleaned Migration V6
TRUNCATE public.transactions, public.inventory, public.items, public.warehouses RESTART IDENTITY CASCADE;

INSERT INTO public.warehouses (name, type) VALUES ('المخزن الرئيسي', 'main'), ('عيادة 1', 'clinic'), ('عيادة 2', 'clinic'), ('عيادة 3', 'clinic'), ('عيادة 4', 'clinic'), ('عيادة 5', 'clinic');

-- Items
INSERT INTO public.items (id, item_name, unit_type, cost_price, sale_price) VALUES
(10, 'LATEX EXAMINAT ION GLOVES POWDER FREE  S', 'BOX', 12.0, 11.0),
(11, 'LATEX EXAMINAT ION GLOVES POWDER FREE M', 'BOX', 12.0, 11.0),
(12, 'LATEX EXAMINAT ION GLOVES POWDER FREE L', 'BOX', 12.0, 11.0),
(13, '1 ML', 'لاخءSYRINGE', 11.0, 11.0),
(15, 'SYRINGE 5ML', 'BOX', 11.0, 11.0),
(16, 'SYRINGE ML 10', 'pcs', 0.18, 1.0),
(20, 'ALCOHOL PREP PAD', 'BOX', 3.5, 3.5),
(21, 'SINGLE BOND UNIVERSA L', 'BOX', 116.0, 245.0),
(23, 'ARTICULAT ING PAPER', 'BOX', 18.0, 10.0),
(24, 'TRANSPAR ENT STRIPS', 'PS', 10.5, 10.5),
(25, 'POLISHING STRIPS UNIVERSA L KIT', 'PS', 33.75, 33.75),
(26, 'METAL STRIPROLL', 'PS', 14.25, 14.25),
(28, 'RE - CORD #00', 'PS', 50.0, 50.0),
(30, 'TOPACAL GAL', 'PS', 20.0, 57.0),
(31, 'POLISH DISK', 'PS', 60.0, 28.0),
(34, 'FIXING WOODEN WEDGES', 'PS', 20.0, 20.0),
(39, 'PROPHY BRUSH', 'PK', 95.0, 26.0),
(40, 'H FILE', 'BOX', 15.75, 15.75),
(41, 'GUTTA PERCHA SOLVENT', 'PK', 25.0, 21.75),
(42, 'EUGENOL OIL', 'PK', 25.0, 18.0),
(43, 'FORMACRE SOL', 'PK', 18.0, 18.0),
(45, 'FIBER POST', 'PK', 50.0, 12.5),
(48, 'SUCTION TIP with hole', 'pk', 16.0, 11.0),
(49, 'SALIVE EJECTOR', 'PK', 8.5, 8.5),
(51, 'BINER LC', 'PK', 59.25, 80.0),
(53, 'RESIN CEMENT', 'PK', 138.75, 138.75),
(54, 'ADSEAL ROOT CANAL SEALER', 'PK', 93.75, 50.0),
(55, 'HEMOTISC HEN HEMOSTAT IC GAL', 'PK', 25.0, 0.0),
(58, 'META ETCHANT', 'PK', 28.5, 28.5),
(59, 'NEXCOMP FLOW', 'PK', 57.0, 57.0),
(60, '3M UNITEK TRANSBON D', 'PK', 116.0, 525.0),
(61, 'TEMPORAR Y CROWN', 'PK', 298.5, 298.5),
(62, 'RIVE LIGHT CURE', 'PK', 390.0, 0.0),
(70, 'DANTAL BIB', 'PK', 8.0, 8.0),
(72, 'ORMAPLUS PUTTY', 'BOTTAL', 141.75, 108.0),
(75, 'FLASH', 'BOX', 550.0, 125.0),
(76, 'NON STERILE GAUZE SWAB 4*4', 'PK', 4.5, 4.5),
(77, 'NON STERILE GAUZE SWAB 2*2', 'PK', 1.9, 2.0),
(81, 'OIL SPRAY 500ML', 'BOTTAL', 118.0, 59.0),
(95, 'GUTTA PERCHA POINTS F2', 'PS', 21.75, 21.75),
(96, 'GUTTA PERCHA POINTS F1', 'PS', 21.75, 21.75),
(97, 'GUTTA PERCHA POINTS F3', 'PS', 21.75, 21.75),
(98, 'ABSORBEN T PAPER POINTS F1', 'PS', 9.0, 18.0),
(99, 'ABSORBEN T PAPER POINTS F2', 'PS', 9.0, 18.0),
(100, 'ABSORBEN T PAPER POINTS F3', 'PS', 9.0, 18.0),
(102, 'DIAMOND BURS  BR30', 'PS', 50.0, 10.0),
(120, 'GATES DRILLS 32MM #3', 'PS', 26.25, 26.25),
(121, 'GATES DRILLS 32MM #2', 'PS', 26.25, 26.25),
(122, 'GATES DRILLS 32MM #4', 'PS', 26.25, 26.25),
(126, 'K FILES STAINLESS STEEL 25MM #8', 'PS', 7.5, 7.5),
(127, 'K FILES STAINLESS STEEL 25MM #10', 'PS', 7.5, 7.5),
(128, 'K FILES STAINLESS STEEL 25MM #15', 'PS', 7.5, 7.5),
(130, 'pouch 57 x', 'BOX', 6.0, 6.0),
(147, 'BARRER FILM', 'PK', 17.0, 16.0),
(152, 'ROTARY -FILES SIZE S1', 'PS', 55.0, 50.0),
(153, 'ROTARY -FILES SIZE SX', 'PS', 55.0, 50.0),
(157, 'cotton roll size 2', 'pk', 18.0, 16.0),
(161, '3M ESPE FILTEK Z250 UNIVERSA L RESTORATI VE A1 SHADE', 'PS', 110.0, 108.0),
(162, '3M ESPE FILTEK Z250 UNIVERSA L RESTORATI VE A2 SHADE', 'PS', 110.0, 108.0),
(163, '3M ESPE FILTEK Z250 UNIVERSA L RESTORATI VE A3 SHADE', 'PS', 110.0, 108.0),
(168, 'ROTARY -FILES SIZE S2', 'PK', 55.0, 50.0),
(169, 'ROTARY -FILES SIZE F1', 'PK', 55.0, 50.0),
(170, 'YAQOOT SKIN', 'PK', 506.0, 2530.0),
(171, 'ROTARY -FILES SIZE F2', 'PK', 55.0, 50.0),
(172, 'ROTARY -FILES SIZE F3', 'PK', 55.0, 50.0),
(173, 'BRACKETS MBT KIT', 'PK', 75.0, 2300.0),
(174, 'ALCOHOL SWAB PAD يشفين', 'PK', 3.5, 3.0),
(176, 'LATEX EXAMINAT ION GLOVES POWDER FREE  S يشفين', 'PK', 12.0, 11.0),
(177, 'LATEX EXAMINAT ION GLOVES POWDER FREE M يشفين', 'PK', 12.0, 11.0),
(178, 'LATEX EXAMINAT ION GLOVES POWDER L FREE يشفين', 'PK', 12.0, 11.0),
(179, 'MEDICAL FACE MASK يشفين', 'PK', 3.25, 2.5),
(181, 'SYRINGE 3 ML يشفين', 'PK', 11.0, 11.5),
(183, 'ISOLATION GOWN يشفين', 'PK', 8.0, 8.5),
(192, 'DANTAL BIB يشفين', 'PK', 17.0, 8.0),
(198, 'BARRER FILM/ نواظر', 'PK', 17.0, 16.0),
(209, 'MICRO BRUSH SUPER FINE / نواظر', 'PK', 4.0, 6.0),
(211, 'MICRO BRUSH / REGULER نواظر', 'PK', 4.0, 6.0),
(213, 'MAINTANC E BRUSH STAINLESS STEEL', 'PK', 3.0, 3.0),
(216, '500   SODIUM HYPOCHLO RITE 500 ML', 'ML', 7.0, 8.0),
(219, 'PROPHY PASTE منارة', 'PK', 100.0, 108.75),
(220, 'ORMAPLUS VAST 2*50MLمنارة', 'PK', 108.0, 108.0),
(222, 'EDTA', 'PK', 56.25, 56.25),
(229, 'SALIVE EJECTOR نواظر', 'PK', 8.5, 6.5),
(235, 'SURGCAL -BLADE NO 15C نواظر', 'PK', 19.0, 19.0),
(237, 'AIR WATER SYRING TIPS المنفذ', 'PK', 25.0, 25.0),
(238, 'NORMAL SALINE 500ML المنفذ', 'PK', 3.5, 3.5),
(240, 'pouch', 'PCS', 45.0, 45.0),
(241, 'HANDY GAL BIG 1 Lالمنفذ', 'PK', 9.0, 15.0),
(242, 'IMPRESSIO N TARY PLASTIC Lالمنفذ', 'PK', 25.0, 10.0),
(243, 'IMPRESSIO N TARY PLASTIC Mالمنفذ', 'PK', 25.0, 10.0),
(256, 'METAPEX PLUS منارة', 'PK', 51.75, 51.75),
(257, 'T F TEMPORAR Y FILING', 'PK', 28.5, 141.75),
(261, 'MTA', 'PK', 250.0, 175.0),
(262, 'ENDO FILL', 'PK', 0.0, 195.0),
(264, '-TETRIC N CERAM REFILL A1', 'PK', 85.0, 85.0),
(265, '-TETRIC N CERAM REFILL A2', 'PK', 85.0, 85.0),
(266, '-TETRIC N CERAM REFILL A3', 'PK', 85.0, 85.0),
(267, 'DYCAL', 'PK', 81.6, 78.0),
(281, 'اكواب ورقية', 'PK', 0.5, 5.75),
(284, 'SILK 3/0', 'PK', 50.0, 58.0),
(293, 'SURGICAL GLOVES SIZE 7.5', 'PK', 55.0, 76.0),
(297, 'NEUVAGE EGF )5 VIALD )5ML', 'PK', 350.0, 1487.5),
(307, 'ROOTT', 'PK', 400.0, 400.0),
(309, 'مزيب فلر', 'PK', 220.0, 260.0),
(314, 'LATEX ELASTIC PK/50', 'PK', 285.0, 150.0),
(319, 'ORTHODO NTIC WAX PK/50', 'PK', 2.76, 100.0),
(352, 'BONDING TUBE MBT ؟SINGLE ?MIM 1 0 MOL 022 UR )TOOTH )16', 'PK', 7.0, 215.0),
(353, 'BONDING TUBE MBT ؟SINGLE ?MIM 1 0 MOL UL 022 )TOOTH 26(', 'PK', 7.0, 43.0),
(354, 'BONDING TUBE MBT ؟SINGLE ?MIM 1 0 MOL LL 022 )TOOTH 36(', 'PK', 7.0, 43.0),
(355, 'BONDING TUBE MBT ؟SINGLE ?MIM 1 0 MOL LR 022 )TOOTH 46(', 'PK', 7.0, 43.0),
(356, 'BONDING TUBE MBT ؟SINGLE ?MIM 2 0 MOL 022 UR )TOOTH )17', 'PK', 7.0, 43.0),
(357, 'BONDING TUBE MBT ؟SINGLE ?MIM 2 0 MOL UL 022 )TOOTH 27(', 'PK', 7.0, 43.0),
(358, 'BONDING TUBE MBT ؟SINGLE ?MIM 2 0 MOL LL 022 )TOOTH 37(', 'PK', 7.0, 43.0),
(359, 'BONDING TUBE MBT ؟SINGLE ?MIM 2 0 MOL LR 022 )TOOTH 47(', 'PK', 7.0, 43.0),
(373, 'WAX 98*14 BLUE', 'PK', 31.5, 50.0),
(389, 'قناع وجهه', 'PK', 2.5, 2.55),
(406, 'Hand soap', 'PK', 12.65, 6.74),
(407, 'PORCELAN % A ETC 10', 'PK', 45.0, 57.0),
(415, 'KENALOG MG 40', 'PK', 23.0, 25.6),
(417, 'ORTHODO NTIC -ELASTIC - INTRA ORAL BOX LATEX -', 'PK', 285.0, 140.0),
(427, 'GATES DRILIS', 'PK', 26.25, 32.0),
(430, 'PUPLP X', 'PK', 75.0, 80.0),
(435, 'LIDOCAINE 2%', 'BOX', 91.0, 91.0),
(436, 'LIDOCAINE 3%', 'BOX', 91.0, 91.0),
(438, 'DENTAL NEEDLA 0.4 35 *', 'BOX', 15.75, 15.75),
(439, 'COMPOSIT A3.5', 'PCE', 110.0, 110.0),
(440, 'COMPOSIT A3.5 IVOCLAR', 'PCE', 85.0, 85.0),
(441, 'COMPOSIT B1 IVOCLAR', 'PCE', 85.0, 85.0),
(442, 'METAL POST', 'PCE', 130.0, 130.0),
(443, 'MATRIX BAND', 'PCE', 42.0, 42.0),
(444, 'BLUE TIP', 'BOX', 20.0, 20.0),
(445, 'BLACK TIP', 'BOX', 20.0, 20.0),
(446, 'WO', 'PCS', 160.0, 160.0),
(447, 'TR', 'PCS', 160.0, 160.0),
(449, 'TEMPORAR Y CEMENT', 'PCS', 56.0, 56.0),
(450, 'GIC', 'BOX', 210.0, 210.0),
(451, 'HYDROGIN PROXIDE', 'BOTTEL', 15.0, 15.0),
(452, 'ENDO FROST', 'PCS', 70.0, 70.0),
(453, 'PAST', 'PCSMETA', 51.75, 51.0),
(454, 'ENDOFILL', 'BOX', 245.0, 245.0),
(455, 'PULPOTEC', 'BOX', 335.0, 335.0),
(456, 'ZOE CEMENT', 'BOX', 80.0, 80.0),
(457, 'COVER X_RAY', 'BOX', 18.0, 18.0),
(458, 'DENTAL FLOSS', 'PCS', 11.78, 11.78),
(459, 'HOME BLEACHIN G )FLASH(', 'BOX', 172.5, 172.5),
(460, 'SPEEDEX PUTTY', 'BOX', 105.0, 105.0),
(461, 'SPEEDEX LIGHT', 'PCS', 60.0, 60.0),
(462, 'SPEEDEX ACTIVATOR', 'PCS', 75.0, 75.0),
(463, 'BARBED BRUSH WHITE', 'PCK', 13.5, 13.5),
(464, 'BARBED BRUSH RED', 'PCK', 13.5, 13.0),
(465, 'BARBED BRUSH YELLOW', 'PCK', 13.5, 13.5),
(466, 'K FILE 6 L25', 'BOX', 7.5, 15.75),
(467, 'K FILE 30 L25', 'PCK', 7.5, 7.5),
(468, 'K FILE 35 L', 'PCK', 7.5, 7.5),
(469, 'K FILE 40 L', 'PCK', 7.5, 7.5),
(470, 'K FILE 45 L', 'PCK', 7.5, 7.5),
(476, 'H FILE 8 L', 'PCK', 15.75, 15.75),
(477, 'H FILE 10 L25', 'PCK', 15.75, 15.75),
(478, 'H FILE 15 L', 'PCK', 15.75, 15.75),
(479, 'H FILE 25 L', 'PCK', 15.75, 15.75),
(484, 'gates drill 6', 'pck', 26.25, 26.25),
(485, 'plastic tray s', 'pck', 25.0, 25.0),
(486, 'vicryle 3/0', 'box', 98.0, 98.0),
(487, 'vicryle 4/0', 'pck', 98.0, 98.0),
(488, 'vicryle 5/0', 'pck', 98.0, 98.0),
(489, 'SILK 4/0', 'box', 50.0, 50.0),
(490, 'SILK 5/0', 'BOX', 50.0, 50.0),
(491, 'LONG SURGICAL BURS', 'BOX', 200.0, 200.0),
(493, 'SPONG GELATIN', 'BOX', 45.0, 45.0),
(495, 'HIOSSEN زرعه امريكي', 'BOX', 480.0, 450.0),
(496, 'RESORABL E COLLAGEN MEMBRAN', 'BOX', 250.0, 250.0),
(497, 'NOVOBON E', 'BOX', 250.0, 250.0),
(498, 'GLUE', 'PCSBLUE', 165.0, 165.0),
(499, 'RETAINER BOX', 'PCS', 87.0, 87.0),
(500, 'OPEN SPRING', 'PCK', 56.25, 56.25),
(501, 'DAMOND BRACKIT', 'PCK', 760.0, 750.0),
(502, 'BRAIDED RETAINER WIRE', 'BOX', 29.0, 29.0),
(503, 'STEEL SEPRATING STRIPS', 'PCK', 85.0, 85.0),
(504, 'SEPRATOR', 'PCK', 48.0, 85.0),
(505, 'BUTTON', 'PCK', 68.0, 68.0),
(506, 'MONKY HOOK', 'PCK', 105.0, 105.0),
(507, 'ARCHWIE SLEEVE', 'PCK', 99.0, 99.0),
(508, 'elastic power thread', 'PCK', 99.0, 99.0),
(509, 'crimpable hook', 'PCK', 87.0, 87.0),
(510, 'siding ball hook', 'PCK', 130.0, 130.0),
(511, 'rotation', 'PCK', 150.0, 150.0),
(512, 'torque spring', 'PCK', 195.0, 195.0),
(513, 'inside oral cavity -direct bond eyelet', 'PCK', 71.25, 71.25),
(518, 'elastic 3/16 medium', 'BOX', 285.0, 285.0),
(521, 'elastic 1/8 oz heavy 6.5', 'BOX', 285.0, 285.0),
(524, 'blue whale', 'BOX', 285.0, 285.0),
(525, 'wire ss 16 LOWER', 'PCK', 21.0, 21.0),
(526, 'wire ss 18 LOWER', 'PCK', 38.0, 21.0),
(527, 'wire ss 20 LOWER', 'PCK', 21.0, 21.0),
(528, 'wire ss 22. 16 LOWER', 'PCK', 23.0, 21.0),
(529, 'wire ss 17.25 LOWER', 'PCK', 38.0, 23.0),
(532, 'wire niti 16 LOWER', 'PCK', 28.0, 28.0),
(533, 'wire niti 18 LOWER', 'PCK', 21.0, 28.0),
(535, 'wire niti 22. 16 LOWER', 'PCK', 38.0, 38.0),
(537, 'wire niti 19.25 UPPER', 'PCK', 38.0, 38.0),
(579, 'mini implant 6mm', 'PCK', 170.0, 170.0),
(580, 'mini implant 8mm', 'PCK', 170.0, 170.0),
(581, 'mini implant 10mm', 'PCK', 170.0, 170.0),
(582, 'mini implant 12mm', 'PCS', 170.0, 170.0),
(584, 'saco kliinz spray', 'PCS', 17.0, 17.0),
(587, 'pouch70 x260', 'PCK', 9.0, 9.0),
(588, 'pouch 90x260', 'PCS', 11.0, 11.0),
(590, 'INDICATOR', 'BOX', 28.0, 28.0),
(591, 'enzymatic', 'BOTTEL', 70.0, 70.0),
(592, 'instrumental', 'BOTTEL', 70.0, 70.0),
(593, 'bowei disck test', 'PCS', 7.0, 7.0),
(594, 'sticker for sharps contanier', 'PCS', 1.0, 1.0),
(595, 'HEAD OF DENTAL MIRROR', 'BOX', 25.0, 25.0),
(596, 'ENDO RULER', 'PCS', 12.0, 12.0),
(597, 'SCALER TIP )DTC(', 'PCK', 70.0, 24.0),
(598, 'LIGHT CURE TIP', 'PCS', 100.0, 100.0),
(599, 'Bed roll', 'PCS', 43.0, 43.0),
(600, 'soft cotton', 'PCS', 17.0, 17.0),
(602, 'ice pack', 'PCS', 16.0, 16.0),
(603, 'microfine 1m', 'PCS', 17.0, 17.0),
(606, 'injection connector', 'PCS', 12.0, 12.0),
(607, 'crime cap', 'PCS', 60.0, 0.6),
(608, 'fucibact cream 30g', 'PCS', 28.0, 28.0),
(609, 'disposable prep razors *double rdge', 'PCS', 1.42, 1.42),
(610, 'wooden tangue depressor', 'PCS', 6.5, 6.5),
(611, 'nabota boox', 'VIAL', 391.0, 391.0),
(612, 'line مقشر', 'كريمme', 1725.0, 1725.0),
(613, 'tranexamic acid inty', 'VIAL', 25.0, 25.84),
(615, 'purifying cocktail', 'VIAL', 217.0, 217.0),
(616, 'hyalu tox pdrn bloom', 'VIAL', 602.0, 602.0),
(621, 'TEOSYAL TEOXANE ULTRA DEEP', 'PCS', 700.0, 700.0),
(622, 'TEOSYAL TEOXANE RHA2', 'PCS', 700.0, 700.0),
(623, 'TEOSYAL TEOXANE RHA3', 'PCS', 750.0, 750.0),
(624, 'TEOSYAL TEOXANE RHA4', 'PCS', 1.0, 800.0),
(625, 'LAROACH POSAY CICA PLAST', 'PCS', 128.35, 128.0),
(628, 'VICHY', 'PCS', 104.0, 104.0),
(629, 'MICELLAR CLEANER', 'BOTEL', 40.0, 40.0),
(631, 'toskani box ecpr 5 vial_ eye', 'PCS', 270.0, 270.0),
(642, 'H FILE 45 L', 'BOX', 15.75, 15.75),
(645, 'K FILE 6 L21', 'BOX', 7.5, 7.5),
(646, 'K FILE 10 L21', 'BOX', 7.5, 7.5),
(647, 'K FILE 15L21', 'BOX', 7.5, 7.5),
(650, 'K FILE 30 L21', 'BOX', 7.5, 7.5),
(651, 'K FILE 35 L21', 'BOX', 7.5, 7.5),
(654, 'composit b1', 'pcs', 110.0, 110.0),
(655, 'retraction cord 0', 'pcs', 50.0, 50.0),
(656, 'SPREEDER yellow', 'BOX', 13.0, 8.0),
(658, 'K FILE 25 L25', 'PK', 7.5, 7.5),
(659, 'H FILE 50 L25', 'PK', 15.75, 15.75),
(660, 'H FILE 80 L25', 'PK', 15.75, 15.75),
(670, 'K FILE 20 L', 'BOX', 7.5, 7.5),
(671, 'WIRE SS 16 UPPER', 'BOX', 21.0, 21.0),
(672, 'WIRE SS 18 UPPER', 'PACKIT', 38.0, 21.0),
(673, 'WIRE SS 20 UPPER', 'PACKIT', 21.0, 21.0),
(675, 'WIRE SS 17.25 UPPER', 'PACKIT', 38.0, 23.0),
(676, 'WIRE SS 19.25 UPPER', 'PACKIT', 38.0, 38.0),
(677, 'WIRE SS 16.22 UPPER', 'PACKIT', 23.0, 23.0),
(679, 'WIRE NITI UPPER 12', 'PACKIT', 28.0, 28.0),
(680, 'WIRE NITI LOWER 12', 'PACKIT', 28.0, 28.0),
(681, 'WIRE  NITI UPPER 16', 'PACKIT', 28.0, 21.0),
(682, 'WIRE NITI UPPER 18', 'PACKIT', 21.0, 21.0),
(683, 'WIRE NITI 16.22 UPPER', 'PACKIT', 38.0, 38.0),
(686, 'WIRE NITI 19.25 LOWER', 'PACKIT', 38.0, 38.0),
(687, 'gutta percha points f4', 'box', 21.0, 21.75),
(688, 'gates 5', 'box', 26.25, 26.25),
(689, 'flowable composit ortho', 'pcs', 550.0, 550.0),
(690, 'transpond )xt(', 'box', 550.0, 550.0),
(691, 'elastic 5/16 meduim', 'box', 285.0, 285.0),
(692, 'elastic 4.5', 'BOX', 285.0, 285.0),
(693, 'POUCH 135 X280', 'BOX', 21.0, 21.0),
(695, 'metapast', 'pcs', 51.0, 51.0),
(696, 'spreeder red', 'box', 8.0, 8.0),
(697, 'surface alchol', 'bottel', 70.0, 70.0),
(698, 'sharp container', 'pcs', 4.5, 4.5),
(699, 'LIFT Ccocktail', 'vial', 276.0, 276.0),
(99976, 'AIR WATER SYRING TIPS', 'BOX', 25.0, 28.0),
(999316, 'DANTAL IRRIGATIO N NEEDLE 27G *25MM', 'BOX', 63.75, 54.0),
(999323, 'DANTAL NEEDLE 25MM*0.4 27G', 'BOX', 15.7, 15.0),
(999410, '500     FACE SHIELD', 'ML', 20.0, 19.0);

-- Inventory
INSERT INTO public.inventory (warehouse_id, item_id, quantity) VALUES
(1, 525, 9.0),
(1, 161, 10.0),
(1, 162, 16.0),
(1, 163, 12.0),
(1, 60, 4.0),
(1, 489, 2.0),
(1, 98, 18.0),
(1, 99, 20.0),
(1, 100, 19.0),
(1, 54, 9.0),
(1, 99976, 1.0),
(1, 237, 1.0),
(1, 20, 1.0),
(1, 174, 3.0),
(1, 507, 2.0),
(1, 23, 4.0),
(1, 464, 5.0),
(1, 463, 5.0),
(1, 465, 5.0),
(1, 147, 1.0),
(1, 198, 1.0),
(1, 599, 31.0),
(1, 51, 9.0),
(1, 445, 3.0),
(1, 498, 3.0),
(1, 444, 5.0),
(1, 524, 1.0),
(1, 354, 9.0),
(1, 355, 17.0),
(1, 353, 10.0),
(1, 352, 6.0),
(1, 358, 7.0),
(1, 359, 7.0),
(1, 357, 7.0),
(1, 356, 4.0),
(1, 173, 40.0),
(1, 502, 2.0),
(1, 505, 4.0),
(1, 439, 11.0),
(1, 654, 6.0),
(1, 157, 1.0),
(1, 457, 2.0),
(1, 607, 70.0),
(1, 70, 1.0),
(1, 192, 9.0),
(1, 999316, 3.0),
(1, 999323, 7.0),
(1, 458, 4.0),
(1, 438, 9.0),
(1, 102, 25.0),
(1, 609, 700.0),
(1, 267, 1.0),
(1, 222, 5.0),
(1, 521, 1.0),
(1, 518, 2.0),
(1, 692, 1.0),
(1, 691, 1.0),
(1, 508, 1.0),
(1, 262, 1.0),
(1, 452, 9.0),
(1, 591, 5.0),
(1, 42, 3.0),
(1, 999410, 3.0),
(1, 45, 7.0),
(1, 34, 4.0),
(1, 75, 7.0),
(1, 689, 7.0),
(1, 43, 2.0),
(1, 608, 58.0),
(1, 688, 5.0),
(1, 427, 5.0),
(1, 484, 5.0),
(1, 121, 5.0),
(1, 120, 7.0),
(1, 122, 6.0),
(1, 450, 3.0),
(1, 96, 22.0),
(1, 95, 20.0),
(1, 97, 31.0),
(1, 687, 3.0),
(1, 41, 2.0),
(1, 477, 8.0),
(1, 478, 10.0),
(1, 479, 7.0),
(1, 30, 13.0),
(1, 25, 5.0),
(1, 40, 3.0),
(1, 642, 1.0),
(1, 659, 3.0),
(1, 476, 10.0),
(1, 660, 4.0),
(1, 406, 1.0),
(1, 241, 19.0),
(1, 595, 3.0),
(1, 55, 3.0),
(1, 495, 48.0),
(1, 459, 4.0),
(1, 616, 2.0),
(1, 451, 2.0),
(1, 602, 6.0),
(1, 242, 1.0),
(1, 243, 2.0),
(1, 590, 11.0),
(1, 606, 9.0),
(1, 513, 7.0),
(1, 592, 5.0),
(1, 183, 12.0),
(1, 646, 7.0),
(1, 647, 6.0),
(1, 670, 3.0),
(1, 20, 12.0),
(1, 658, 9.0),
(1, 650, 4.0),
(1, 467, 13.0),
(1, 468, 14.0),
(1, 651, 5.0),
(1, 469, 3.0),
(1, 470, 3.0),
(1, 645, 5.0),
(1, 466, 13.0),
(1, 127, 7.0),
(1, 128, 5.0),
(1, 126, 7.0),
(1, 415, 1.0),
(1, 10, 1.0),
(1, 176, 65.0),
(1, 12, 1.0),
(1, 178, 17.0),
(1, 11, 1.0),
(1, 177, 77.0),
(1, 435, 12.0),
(1, 436, 3.0),
(1, 699, 5.0),
(1, 213, 5.0),
(1, 443, 41.0),
(1, 612, 6.0),
(1, 179, 18.0),
(1, 58, 15.0),
(1, 453, 7.0),
(1, 26, 3.0),
(1, 695, 7.0),
(1, 256, 9.0),
(1, 211, 7.0),
(1, 209, 7.0),
(1, 603, 3.0),
(1, 581, 2.0),
(1, 582, 10.0),
(1, 579, 8.0),
(1, 580, 10.0),
(1, 506, 1.0),
(1, 611, 6.0),
(1, 297, 9.0),
(1, 59, 16.0),
(1, 77, 1.0),
(1, 76, 91.0),
(1, 238, 25.0),
(1, 497, 12.0),
(1, 81, 6.0),
(1, 500, 3.0),
(1, 72, 4.0),
(1, 220, 4.0),
(1, 417, 1.0),
(1, 319, 100.0),
(1, 31, 2.0),
(1, 25, 4.0),
(1, 693, 3.0),
(1, 240, 1.0),
(1, 130, 19.0),
(1, 588, 80.0),
(1, 39, 6.0),
(1, 219, 4.0),
(1, 455, 2.0),
(1, 430, 1.0),
(1, 615, 4.0),
(1, 28, 3.0),
(1, 53, 2.0),
(1, 496, 3.0),
(1, 499, 25.0),
(1, 655, 2.0),
(1, 62, 3.0),
(1, 307, 37.0),
(1, 169, 10.0),
(1, 171, 19.0),
(1, 172, 14.0),
(1, 152, 15.0),
(1, 168, 11.0),
(1, 153, 19.0),
(1, 511, 1.0),
(1, 49, 1.0),
(1, 597, 3.0),
(1, 504, 2.0),
(1, 698, 14.0),
(1, 490, 3.0),
(1, 21, 4.0),
(1, 216, 2.0),
(1, 600, 2.0),
(1, 461, 2.0),
(1, 460, 2.0),
(1, 493, 3.0),
(1, 696, 3.0),
(1, 656, 8.0),
(1, 503, 5.0),
(1, 594, 40.0),
(1, 48, 1.0),
(1, 697, 1.0),
(1, 235, 1.0),
(1, 293, 1.0),
(1, 13, 31.0),
(1, 16, 100.0),
(1, 181, 2.0),
(1, 15, 4.0),
(1, 257, 6.0),
(1, 61, 6.0),
(1, 622, 6.0),
(1, 623, 6.0),
(1, 624, 800.0),
(1, 621, 2.0),
(1, 264, 4.0),
(1, 265, 3.0),
(1, 30, 6.0),
(1, 512, 2.0),
(1, 631, 5.0),
(1, 447, 2.0),
(1, 613, 5.0),
(1, 24, 6.0),
(1, 690, 4.0),
(1, 216, 16.0),
(1, 486, 2.0),
(1, 487, 3.0),
(1, 488, 1.0),
(1, 373, 2.0),
(1, 681, 32.0),
(1, 680, 30.0),
(1, 679, 30.0),
(1, 535, 9.0),
(1, 532, 27.0),
(1, 683, 9.0),
(1, 533, 23.0),
(1, 682, 16.0),
(1, 686, 5.0),
(1, 537, 70.0),
(1, 528, 31.0),
(1, 671, 8.0),
(1, 677, 30.0),
(1, 529, 40.0),
(1, 675, 35.0),
(1, 526, 5.0),
(1, 672, 28.0),
(1, 676, 70.0),
(1, 527, 10.0),
(1, 673, 10.0),
(1, 610, 44.0),
(1, 170, 10.0),
(1, 456, 1.0),
(1, 281, 1.0),
(1, 389, 42.0),
(1, 309, 1.0);